{"is_source_file": false, "format": "", "description": "", "external_files": [], "external_methods": [], "published": [], "classes": [], "methods": [], "calls": [], "search-terms": [], "state": 2, "file_id": 5, "knowledge_revision": 13, "git_revision": "e7eac0a646eec8e2a876efc1a39d91598c8339ed", "hash": "b584d8936b91a01f13a45c2252449033", "format-version": 4, "code-base-name": "messenger_backend", "filename": "messenger_backend/Properties/launchSettings.json", "revision_history": [{"13": "e7eac0a646eec8e2a876efc1a39d91598c8339ed"}]}