{"is_source_file": true, "format": "C#", "description": "This file is the entry point for a .NET web application that sets up services, middleware, and endpoints for a secure chat messenger backend. It configures services like API exploration, OpenAPI documentation, CORS policies, and a health check endpoint.", "external_files": ["Microsoft.AspNetCore.Builder", "Microsoft.Extensions.DependencyInjection", "NSwag.AspNetCore"], "external_methods": ["WebApplication.CreateBuilder", "builder.Services.AddEndpointsApiExplorer", "builder.Services.AddOpenApiDocument", "builder.Services.AddCors", "options.AddPolicy", "policy.SetIsOriginAllowed", "policy.AllowCredentials", "policy.AllowAnyMethod", "policy.AllowAnyHeader", "builder.Build", "app.UseCors", "app.UseOpenApi", "app.UseSwaggerUi", "app.MapGet", "app.Run"], "published": ["app", "builder"], "classes": [], "methods": [{"name": "MapGet", "description": "Defines a GET endpoint at '/' that returns a health status message."}, {"name": "Run", "description": "Starts the web application."}], "calls": ["WebApplication.CreateBuilder", "builder.Services.AddEndpointsApiExplorer", "builder.Services.AddOpenApiDocument", "builder.Services.AddCors", "options.AddPolicy", "policy.SetIsOriginAllowed", "policy.AllowCredentials", "policy.AllowAnyMethod", "policy.AllowAnyHeader", "builder.Build", "app.UseCors", "app.UseOpenApi", "app.UseSwaggerUi", "app.MapGet", "app.Run"], "search-terms": ["CreateBuilder", "AddOpenApiDocument", "AddCors", "UseSwaggerUi", "MapGet", "Health check", "CORS policy"], "state": 2, "file_id": 3, "knowledge_revision": 15, "git_revision": "e7eac0a646eec8e2a876efc1a39d91598c8339ed", "hash": "ad4b378154a296eb4ecc7437035e8392", "format-version": 4, "code-base-name": "messenger_backend", "filename": "messenger_backend/Program.cs", "revision_history": [{"15": "e7eac0a646eec8e2a876efc1a39d91598c8339ed"}]}