{"is_source_file": false, "format": "", "description": "", "external_files": [], "external_methods": [], "published": [], "classes": [], "methods": [], "calls": [], "search-terms": ["appsettings.json", "configuration", "logging", "AspNetCore", "AllowedHosts"], "state": 2, "file_id": 4, "knowledge_revision": 12, "git_revision": "e7eac0a646eec8e2a876efc1a39d91598c8339ed", "hash": "732f4d75514e890746f0170256ed9654", "format-version": 4, "code-base-name": "messenger_backend", "filename": "messenger_backend/appsettings.json", "revision_history": [{"12": "e7eac0a646eec8e2a876efc1a39d91598c8339ed"}]}