{"is_source_file": false, "format": "", "description": "", "external_files": [], "external_methods": [], "published": [], "classes": [], "methods": [], "calls": [], "search-terms": ["appsettings", "json", "Logging", "LogLevel"], "state": 2, "file_id": 2, "knowledge_revision": 14, "git_revision": "e7eac0a646eec8e2a876efc1a39d91598c8339ed", "hash": "477a525a47fc9bdbbf94690e6633d843", "format-version": 4, "code-base-name": "messenger_backend", "filename": "messenger_backend/appsettings.Development.json", "revision_history": [{"14": "e7eac0a646eec8e2a876efc1a39d91598c8339ed"}]}